step,segment,accuracy,partial_accuracy,format_accuracy,robust_numeric_exact_rate,correct,total
128,canonical_source,54.6875,59.375,0.0,0.546875,35.0,64.0
256,canonical_source,50.0,51.5625,1.5625,0.515625,32.0,64.0
384,canonical_source,62.5,65.625,0.0,0.625,40.0,64.0
512,canonical_source,62.5,64.0625,0.0,0.640625,40.0,64.0
576,tail_winner,59.375,60.9375,0.0,0.59375,38.0,64.0
640,tail_winner,60.9375,62.5,0.0,0.609375,39.0,64.0
704,tail_winner,62.5,64.0625,0.0,0.625,40.0,64.0
768,tail_winner,64.0625,67.1875,0.0,0.640625,41.0,64.0
841,tail_winner,65.625,67.1875,0.0,0.671875,42.0,64.0
