accuracy,accuracy_ci95_high,accuracy_ci95_low,correct,format_accuracy,label,partial_accuracy,policy,preset,restored_step,total
51.5625,,,33,6.25,base_direct_eval,53.125,base,greedy,,64
3.125,,,2,12.5,final_lora_direct_eval,6.25,lora,greedy,3364,64
51.5625,63.3666514342161,39.581392243999034,33,6.25,base,53.125,base,greedy,,64
28.125,40.1341623995035,18.593226105484582,18,35.9375,ckpt-2000,29.6875,lora,greedy,2000,64
20.3125,31.713867551216595,12.273302562695813,13,31.25,ckpt-2500,23.4375,lora,greedy,2500,64
6.25,14.997696642496885,2.457080367479293,4,12.5,ckpt-3000,7.8125,lora,greedy,3000,64
3.125,10.697493882294248,0.8611957712516592,2,12.5,ckpt-3364,6.25,lora,greedy,3364,64
